core	count	degree	clustering	components
1	1766	0.03397508493771234	0.0	1736
2	894	0.11185682326621924	0.0	844
3	590	0.1864406779661017	0.0	535
4	510	0.788235294117647	0.0	309
5	2090	7.695693779904306	0.009830101006060868	3
6	13	0.46153846153846156	0.0	10
7	40	1.45	0.0	17
8	26	0.3076923076923077	0.0	22
9	104	0.5192307692307693	0.0	80
10	268	16.955223880597014	0.1133218661586437	1
