core	count	degree	clustering	components
1	2508	0.019936204146730464	0.0	2483
2	1158	0.08117443868739206	0.0	1111
3	613	0.1370309951060359	0.0	571
4	576	0.6527777777777778	0.0	388
5	866	2.399538106235566	0.0038656109094908167	93
6	1939	7.6792160907684375	0.012836137076662051	1
7	20	0.2	0.0	18
8	30	0.13333333333333333	0.0	28
9	89	1.5730337078651686	0.0	33
10	315	17.066666666666666	0.09845467382618868	1
