missing,corr,pvalue
0,0.99999999999999978,0.0
2,0.97883666090617327,0.0
