missing,corr,pvalue
0,0.99999999999999978,0.0
2,0.99212061004270335,0.0
