core_number,change_0,change_2,change_4,change_6,change_8,change_10,change_12,change_14,change_16,change_18,change_20,change_22,change_24,change_26,change_28,change_30,change_32,change_34,change_36,change_38,change_40,change_42,change_44,change_46,change_48
1,0,0,0,0,0,0,0,0,0,0,0,0,0,0,0,0,0,0,0,0,0,0,0,0,0
2,0,0,0,0,0,0,0,0,0,0,0,0,0,0,0,0,0,0,0,0,0,0,0,0,0
3,0,0,0,0,0,0,0,0,0,0,0,0,0,0,0,0,0,0,0,0,0,0,0,0,0
4,0,0,0,0,0,0,0,0,0,0,0,0,0,0,0,0,0,0,0,0,0,0,0,0,0
5,179.0,54.0,42.799999999999997,33.899999999999999,27.300000000000001,22.199999999999999,17.899999999999999,15.4,13.9,11.699999999999999,10.4,9.5,8.0999999999999996,7.5999999999999996,6.9000000000000004,6.2999999999999998,5.4000000000000004,5.0,4.5,4.2000000000000002,3.7000000000000002,3.1000000000000001,2.7999999999999998,2.7000000000000002,2.8888888888888888
6,13.0,137.19999999999999,147.90000000000001,156.69999999999999,163.0,167.5,171.40000000000001,173.40000000000001,79.200000000000003,42.200000000000003,35.200000000000003,29.600000000000001,25.199999999999999,21.100000000000001,18.100000000000001,15.699999999999999,14.9,12.699999999999999,11.800000000000001,11.0,10.1,9.9000000000000004,8.8000000000000007,7.9000000000000004,7.4000000000000004
7,40.0,39.5,38.299999999999997,36.600000000000001,35.399999999999999,33.100000000000001,32.5,31.899999999999999,126.40000000000001,163.40000000000001,168.90000000000001,173.90000000000001,177.69999999999999,180.59999999999999,182.09999999999999,155.90000000000001,47.299999999999997,36.399999999999999,31.0,27.300000000000001,24.399999999999999,20.100000000000001,18.600000000000001,17.100000000000001,14.9
8,26.0,26.0,25.899999999999999,25.800000000000001,26.199999999999999,27.399999999999999,26.699999999999999,26.5,26.300000000000001,27.199999999999999,28.399999999999999,27.800000000000001,28.899999999999999,29.699999999999999,30.399999999999999,59.200000000000003,168.0,180.40000000000001,186.0,188.19999999999999,191.5,195.19999999999999,181.5,75.599999999999994,40.299999999999997
9,372.0,373.30000000000001,375.10000000000002,377.0,378.10000000000002,379.80000000000001,381.5,382.80000000000001,384.19999999999999,385.5,387.10000000000002,358.5,358.39999999999998,293.10000000000002,194.19999999999999,93.299999999999997,92.400000000000006,55.299999999999997,53.600000000000001,54.200000000000003,51.200000000000003,50.200000000000003,64.400000000000006,171.0,206.5
