change,jaccard_mean,jaccard_std
0,1.3821656050955415,0.0
35,0.68181215490052904,0.11294905909593675
5,1.2841923797952286,0.064739145478630578
40,0.62224001778890425,0.075345741840616237
10,1.0465132962780044,0.079494117265733619
45,0.54699672442426073,0.13459617597163395
15,0.91108970902317876,0.07635681680489359
20,0.82983784792967019,0.13416216024376268
25,0.79917417993292017,0.15045740377653102
30,0.7758758893687705,0.085861951114108062
