change,jaccard_mean,jaccard_std
0,1.3821656050955415,0.0
35,0.51005169059787836,0.10888216328669584
5,0.98614414399089156,0.093534121550123708
40,0.43838096357833206,0.11959429848066175
10,0.84475058474478837,0.09751644512607259
45,0.39787853019995878,0.16061277651903316
15,0.7476505582318056,0.14716992316316715
20,0.62840700591808107,0.17036923953187211
25,0.54443221674807718,0.1299258767630776
30,0.50374593054059469,0.10460276181651229
