truss_number,change_0,change_2,change_4,change_6,change_8,change_10,change_12,change_14,change_16,change_18,change_20,change_22,change_24,change_26,change_28,change_30,change_32,change_34,change_36,change_38,change_40,change_42,change_44,change_46,change_48
1,0,0,0,0,0,0,0,0,0,0,0,0,0,0,0,0,0,0,0,0,0,0,0,0,0
2,0,0,0,0,0,0,0,0,0,0,0,0,0,0,0,0,0,0,0,0,0,0,0,0,0
3,1352.0,1367.4000000000001,1359.0,1347.3,1330.5999999999999,1316.7,1300.3,1283.4000000000001,1267.5999999999999,1255.0999999999999,1243.8,1231.5999999999999,1219.5,1205.5,1188.5,1172.4000000000001,1156.8,1140.5999999999999,1118.2,1099.8,1083.9000000000001,1065.8,1051.5999999999999,1034.2,1024.0999999999999
4,725.0,709.60000000000002,718.0,729.70000000000005,746.39999999999998,760.29999999999995,776.70000000000005,793.60000000000002,809.39999999999998,821.89999999999998,833.20000000000005,845.39999999999998,857.5,860.79999999999995,877.79999999999995,888.70000000000005,900.79999999999995,916.20000000000005,936.60000000000002,943.0,958.10000000000002,975.60000000000002,989.29999999999995,1005.2,1014.6
