core_number,change_0,change_2,change_4,change_6,change_8,change_10,change_12,change_14,change_16,change_18,change_20,change_22,change_24,change_26,change_28,change_30,change_32,change_34,change_36,change_38,change_40,change_42,change_44,change_46,change_48
1,0,0,0,0,0,0,0,0,0,0,0,0,0,0,0,0,0,0,0,0,0,0,0,0,0
2,0,0,0,0,0,0,0,0,0,0,0,0,0,0,0,0,0,0,0,0,0,0,0,0,0
3,0,0,0,0,0,0,0,0,0,0,0,0,0,0,0,0,0,0,0,0,0,0,0,0,0
4,0,0,0,0,0,0,0,0,0,0,0,0,0,0,0,0,0,0,0,0,0,0,0,0,0
5,809.0,273.5,202.40000000000001,166.69999999999999,138.90000000000001,115.7,100.09999999999999,83.799999999999997,72.599999999999994,63.299999999999997,55.799999999999997,48.700000000000003,43.100000000000001,39.200000000000003,34.200000000000003,31.0,28.899999999999999,26.600000000000001,23.300000000000001,21.100000000000001,19.199999999999999,18.199999999999999,17.399999999999999,16.399999999999999,14.9
6,13.0,548.20000000000005,618.60000000000002,653.5,680.29999999999995,701.79999999999995,716.60000000000002,732.39999999999998,302.10000000000002,204.5,162.80000000000001,142.19999999999999,123.59999999999999,106.3,96.599999999999994,85.5,74.900000000000006,68.200000000000003,63.100000000000001,56.700000000000003,51.799999999999997,46.200000000000003,42.100000000000001,37.700000000000003,36.299999999999997
7,40.0,38.600000000000001,37.5,36.700000000000003,36.700000000000003,36.100000000000001,34.899999999999999,32.899999999999999,472.5,577.70000000000005,622.5,647.39999999999998,669.60000000000002,689.0,701.5,530.60000000000002,208.30000000000001,168.5,139.40000000000001,122.59999999999999,109.2,97.400000000000006,89.0,81.200000000000003,71.700000000000003
8,26.0,26.300000000000001,26.800000000000001,26.800000000000001,27.0,27.199999999999999,26.899999999999999,28.300000000000001,28.199999999999999,29.399999999999999,32.399999999999999,33.600000000000001,34.399999999999999,34.799999999999997,35.200000000000003,219.09999999999999,551.29999999999995,598.5,633.79999999999995,658.10000000000002,676.39999999999998,693.70000000000005,706.0,329.69999999999999,173.09999999999999
9,372.0,373.39999999999998,374.69999999999999,376.30000000000001,377.10000000000002,379.19999999999999,381.5,382.60000000000002,384.60000000000002,385.10000000000002,386.5,323.39999999999998,291.39999999999998,225.69999999999999,193.40000000000001,126.5,61.200000000000003,59.700000000000003,59.5,57.600000000000001,55.5,54.899999999999999,53.399999999999999,440.39999999999998,607.0
