truss_number,change_0,change_2,change_4,change_6,change_8,change_10,change_12,change_14,change_16,change_18,change_20,change_22,change_24,change_26,change_28,change_30,change_32,change_34,change_36,change_38,change_40,change_42,change_44,change_46,change_48
1,0,0,0,0,0,0,0,0,0,0,0,0,0,0,0,0,0,0,0,0,0,0,0,0,0
2,0,0,0,0,0,0,0,0,0,0,0,0,0,0,0,0,0,0,0,0,0,0,0,0,0
3,2666.0,2566.0,2551.1999999999998,2528.5,2497.6999999999998,2474.9000000000001,2441.3000000000002,2409.1999999999998,2378.4000000000001,2356.6999999999998,2333.8000000000002,2310.8000000000002,2289.6999999999998,2261.6999999999998,2231.0999999999999,2198.1999999999998,2168.3000000000002,2139.6999999999998,2103.1999999999998,2071.5,2041.5,2008.9000000000001,1982.2,1948.0999999999999,1930.0
4,725.0,719.0,733.79999999999995,756.5,787.29999999999995,810.10000000000002,843.70000000000005,875.79999999999995,906.60000000000002,928.29999999999995,951.20000000000005,974.20000000000005,995.29999999999995,1012.3,1042.9000000000001,1070.5999999999999,1096.9000000000001,1124.5999999999999,1159.0,1178.5,1207.5999999999999,1239.5999999999999,1265.8,1298.0999999999999,1315.4000000000001
