core_number,change_0,change_2,change_4,change_6,change_8,change_10,change_12,change_14,change_16,change_18,change_20,change_22,change_24,change_26,change_28,change_30,change_32,change_34,change_36,change_38,change_40,change_42,change_44,change_46,change_48
1,0,0,0,0,0,0,0,0,0,0,0,0,0,0,0,0,0,0,0,0,0,0,0,0,0
2,0,0,0,0,0,0,0,0,0,0,0,0,0,0,0,0,0,0,0,0,0,0,0,0,0
3,0,0,0,0,0,0,0,0,0,0,0,0,0,0,0,0,0,0,0,0,0,0,0,0,0
4,0,0,0,0,0,0,0,0,0,0,0,0,0,0,0,0,0,0,0,0,0,0,0,0,0
5,179.0,51.600000000000001,37.799999999999997,30.399999999999999,25.399999999999999,21.199999999999999,18.5,15.300000000000001,13.5,11.800000000000001,10.1,9.0,7.7000000000000002,7.0,6.2999999999999998,5.9000000000000004,5.7000000000000002,5.2999999999999998,5.0,4.5999999999999996,4.0,3.6000000000000001,3.5,3.2000000000000002,3.0
6,13.0,140.09999999999999,153.19999999999999,159.80000000000001,163.90000000000001,166.80000000000001,169.0,171.80000000000001,59.700000000000003,38.700000000000003,30.5,25.699999999999999,22.0,18.600000000000001,16.699999999999999,14.6,12.5,11.1,10.0,9.0,8.4000000000000004,8.4000000000000004,7.7000000000000002,7.0999999999999996,6.5999999999999996
7,40.0,38.600000000000001,37.5,36.700000000000003,36.600000000000001,35.700000000000003,34.200000000000003,32.200000000000003,144.19999999999999,165.30000000000001,170.90000000000001,174.0,177.0,179.5,180.0,130.59999999999999,43.200000000000003,34.399999999999999,28.100000000000001,24.899999999999999,21.699999999999999,18.100000000000001,15.800000000000001,13.699999999999999,11.699999999999999
8,26.0,26.300000000000001,26.800000000000001,26.800000000000001,27.0,27.100000000000001,26.800000000000001,28.100000000000001,28.100000000000001,29.199999999999999,32.100000000000001,33.399999999999999,34.200000000000003,34.399999999999999,34.700000000000003,85.299999999999997,172.19999999999999,181.19999999999999,186.90000000000001,190.40000000000001,193.0,196.0,198.40000000000001,78.799999999999997,35.399999999999999
9,372.0,373.39999999999998,374.69999999999999,376.30000000000001,377.10000000000002,379.19999999999999,381.5,382.60000000000002,384.5,385.0,386.39999999999998,323.19999999999999,291.19999999999999,225.5,193.19999999999999,126.3,61.0,59.5,59.100000000000001,57.200000000000003,55.100000000000001,54.399999999999999,52.700000000000003,172.80000000000001,216.59999999999999
