truss_number,change_0,change_2,change_4,change_6,change_8,change_10,change_12,change_14,change_16,change_18,change_20,change_22,change_24,change_26,change_28,change_30,change_32,change_34,change_36,change_38,change_40,change_42,change_44,change_46,change_48
1,0,0,0,0,0,0,0,0,0,0,0,0,0,0,0,0,0,0,0,0,0,0,0,0,0
2,0,0,0,0,0,0,0,0,0,0,0,0,0,0,0,0,0,0,0,0,0,0,0,0,0
3,785.0,778.5,772.79999999999995,766.10000000000002,761.20000000000005,755.79999999999995,749.5,743.89999999999998,736.39999999999998,732.60000000000002,725.89999999999998,720.89999999999998,713.70000000000005,707.20000000000005,701.20000000000005,694.60000000000002,686.60000000000002,677.70000000000005,668.79999999999995,659.89999999999998,654.10000000000002,643.60000000000002,637.20000000000005,629.79999999999995,624.29999999999995
