core_number,change_0,change_2,change_4,change_6,change_8,change_10,change_12,change_14,change_16,change_18,change_20,change_22,change_24,change_26,change_28,change_30,change_32,change_34,change_36,change_38,change_40,change_42,change_44,change_46,change_48
1,0,0,0,0,0,0,0,0,0,0,0,0,0,0,0,0,0,0,0,0,0,0,0,0,0
2,0,0,0,0,0,0,0,0,0,0,0,0,0,0,0,0,0,0,0,0,0,0,0,0,0
3,0,0,0,0,0,0,0,0,0,0,0,0,0,0,0,0,0,0,0,0,0,0,0,0,0
4,0,0,0,0,0,0,0,0,0,0,0,0,0,0,0,0,0,0,0,0,0,0,0,0,0
5,2090.0,683.5,503.60000000000002,415.30000000000001,348.5,292.30000000000001,254.19999999999999,211.09999999999999,177.80000000000001,153.19999999999999,132.19999999999999,118.59999999999999,107.09999999999999,92.700000000000003,81.400000000000006,74.700000000000003,67.700000000000003,62.299999999999997,57.200000000000003,51.600000000000001,47.700000000000003,42.700000000000003,38.799999999999997,35.399999999999999,33.200000000000003
6,13.0,1418.7,1598.0,1685.8,1752.0,1807.4000000000001,1843.7,1884.4000000000001,972.60000000000002,539.89999999999998,449.10000000000002,364.89999999999998,309.19999999999999,276.0,240.59999999999999,206.5,184.5,162.80000000000001,147.0,136.0,125.90000000000001,116.0,108.2,100.8,92.599999999999994
7,40.0,38.5,37.899999999999999,35.899999999999999,33.399999999999999,33.299999999999997,33.200000000000003,33.200000000000003,976.70000000000005,1432.3,1542.0,1638.3,1703.9000000000001,1747.3,1792.4000000000001,1712.0,553.89999999999998,455.60000000000002,385.10000000000002,334.19999999999999,293.69999999999999,259.60000000000002,232.5,212.5,191.0
8,26.0,26.600000000000001,27.0,28.100000000000001,29.0,28.199999999999999,28.699999999999999,29.300000000000001,30.399999999999999,31.199999999999999,31.300000000000001,30.800000000000001,30.899999999999999,33.100000000000001,33.299999999999997,153.5,1338.7,1461.5,1550.0,1616.8,1668.9000000000001,1717.0,1753.4000000000001,815.20000000000005,495.5
9,372.0,373.69999999999999,374.5,375.89999999999998,378.10000000000002,379.80000000000001,381.19999999999999,383.0,383.5,384.39999999999998,386.39999999999998,388.39999999999998,324.5,325.89999999999998,262.60000000000002,196.90000000000001,64.099999999999994,63.5,63.899999999999999,62.299999999999997,62.0,59.799999999999997,57.899999999999999,1023.9,1372.2
