truss_number,change_0,change_2,change_4,change_6,change_8,change_10,change_12,change_14,change_16,change_18,change_20,change_22,change_24,change_26,change_28,change_30,change_32,change_34,change_36,change_38,change_40,change_42,change_44,change_46,change_48
1,0,0,0,0,0,0,0,0,0,0,0,0,0,0,0,0,0,0,0,0,0,0,0,0,0
2,0,0,0,0,0,0,0,0,0,0,0,0,0,0,0,0,0,0,0,0,0,0,0,0,0
3,3071.0,3014.5,2994.0,2966.5999999999999,2946.5999999999999,2924.0999999999999,2895.6999999999998,2872.9000000000001,2835.6999999999998,2823.1999999999998,2799.0999999999999,2776.5999999999999,2750.5,2728.4000000000001,2703.6999999999998,2675.9000000000001,2648.3000000000002,2622.0,2592.0999999999999,2561.3000000000002,2542.3000000000002,2503.3000000000002,2482.0999999999999,2454.6999999999998,2427.1999999999998
