truss_number,change_0,change_2,change_4,change_6,change_8,change_10,change_12,change_14,change_16,change_18,change_20,change_22,change_24,change_26,change_28,change_30,change_32,change_34,change_36,change_38,change_40,change_42,change_44,change_46,change_48
1,0,0,0,0,0,0,0,0,0,0,0,0,0,0,0,0,0,0,0,0,0,0,0,0,0
2,0,0,0,0,0,0,0,0,0,0,0,0,0,0,0,0,0,0,0,0,0,0,0,0,0
3,0,0,0,16.0,138.5,103.33333333333333,102.0,97.0,97.75,135.0,156.40000000000001,125.0,121.5,95.142857142857139,104.0,123.85714285714286,115.125,100.44444444444444,84.900000000000006,79.400000000000006,89.444444444444443,82.444444444444443,72.0,65.333333333333329,61.0
