truss_number,change_0,change_2,change_4,change_6,change_8,change_10,change_12,change_14,change_16,change_18,change_20,change_22,change_24,change_26,change_28,change_30,change_32,change_34,change_36,change_38,change_40,change_42,change_44,change_46,change_48
1,0,0,0,0,0,0,0,0,0,0,0,0,0,0,0,0,0,0,0,0,0,0,0,0,0
2,0,0,0,0,0,0,0,0,0,0,0,0,0,0,0,0,0,0,0,0,0,0,0,0,0
3,3071.0,2929.5,2805.3000000000002,2696.5999999999999,2663.4000000000001,2609.3000000000002,2530.0,2399.4000000000001,2281.5,2153.5,2048.3000000000002,1930.5,1831.5,1718.4000000000001,1604.3,1502.7,1408.9000000000001,1298.2,1197.5999999999999,1108.5999999999999,1020.8,938.89999999999998,845.70000000000005,781.0,705.29999999999995
