truss_number,change_0,change_2,change_4,change_6,change_8,change_10,change_12,change_14,change_16,change_18,change_20,change_22,change_24,change_26,change_28,change_30,change_32,change_34,change_36,change_38,change_40,change_42,change_44,change_46,change_48
1,0,0,0,0,0,0,0,0,0,0,0,0,0,0,0,0,0,0,0,0,0,0,0,0,0
2,0,0,0,0,0,0,0,0,0,0,0,0,0,0,0,0,0,0,0,0,0,0,0,0,0
3,785.0,779.20000000000005,773.39999999999998,766.39999999999998,762.70000000000005,756.29999999999995,753.29999999999995,747.20000000000005,741.0,734.20000000000005,727.20000000000005,720.5,714.60000000000002,705.20000000000005,698.20000000000005,690.5,679.89999999999998,669.70000000000005,662.20000000000005,656.60000000000002,651.29999999999995,645.89999999999998,641.20000000000005,635.70000000000005,630.0
