truss_number,change_0,change_2,change_4,change_6,change_8,change_10,change_12,change_14,change_16,change_18,change_20,change_22,change_24,change_26,change_28,change_30,change_32,change_34,change_36,change_38,change_40,change_42,change_44,change_46,change_48
1,0,0,0,0,0,0,0,0,0,0,0,0,0,0,0,0,0,0,0,0,0,0,0,0,0
2,0,0,0,0,0,0,0,0,0,0,0,0,0,0,0,0,0,0,0,0,0,0,0,0,0
3,3071.0,2883.8000000000002,2749.0,2601.8000000000002,2465.4000000000001,2328.0999999999999,2199.6999999999998,2063.5999999999999,1947.5999999999999,1829.2,1760.0999999999999,1635.0,1525.0999999999999,1416.8,1348.2,1254.7,1176.7,739.70000000000005,682.20000000000005,636.39999999999998,597.0,559.29999999999995,437.75,399.25,368.25
