truss_number,change_0,change_2,change_4,change_6,change_8,change_10,change_12,change_14,change_16,change_18,change_20,change_22,change_24,change_26,change_28,change_30,change_32,change_34,change_36,change_38,change_40,change_42,change_44,change_46,change_48
1,0,0,0,0,0,0,0,0,0,0,0,0,0,0,0,0,0,0,0,0,0,0,0,0,0
2,0,0,0,0,0,0,0,0,0,0,0,0,0,0,0,0,0,0,0,0,0,0,0,0,0
3,2666.0,2570.4000000000001,2544.9000000000001,2521.6999999999998,2503.0999999999999,2474.9000000000001,2445.1999999999998,2418.5,2389.9000000000001,2355.4000000000001,2325.3000000000002,2288.1999999999998,2258.4000000000001,2232.0999999999999,2202.1999999999998,2180.6999999999998,2155.1999999999998,2127.5999999999999,2097.0,2071.5999999999999,2039.9000000000001,2009.9000000000001,1987.9000000000001,1957.0999999999999,1927.0999999999999
4,725.0,714.60000000000002,740.10000000000002,763.29999999999995,781.89999999999998,810.10000000000002,839.79999999999995,866.5,895.10000000000002,929.60000000000002,959.70000000000005,996.79999999999995,1026.5999999999999,1052.9000000000001,1082.8,1104.3,1129.8,1157.4000000000001,1188.0,1203.3,1234.5,1264.5,1286.5,1316.5,1345.0999999999999
