truss_number,change_0,change_2,change_4,change_6,change_8,change_10,change_12,change_14,change_16,change_18,change_20,change_22,change_24,change_26,change_28,change_30,change_32,change_34,change_36,change_38,change_40,change_42,change_44,change_46,change_48
1,0,0,0,0,0,0,0,0,0,0,0,0,0,0,0,0,0,0,0,0,0,0,0,0,0
2,0,0,0,0,0,0,0,0,0,0,0,0,0,0,0,0,0,0,0,0,0,0,0,0,0
3,2086.0,2069.9000000000001,2055.1999999999998,2036.4000000000001,2022.7,2007.4000000000001,1987.8,1973.2,1948.8,1940.9000000000001,1923.5999999999999,1908.9000000000001,1889.5,1873.7,1857.0,1838.4000000000001,1817.7,1798.0,1776.0999999999999,1752.9000000000001,1740.5,1713.8,1697.8,1678.4000000000001,1659.0999999999999
