truss_number,change_0,change_2,change_4,change_6,change_8,change_10,change_12,change_14,change_16,change_18,change_20,change_22,change_24,change_26,change_28,change_30,change_32,change_34,change_36,change_38,change_40,change_42,change_44,change_46,change_48
1,0,0,0,0,0,0,0,0,0,0,0,0,0,0,0,0,0,0,0,0,0,0,0,0,0
2,0,0,0,0,0,0,0,0,0,0,0,0,0,0,0,0,0,0,0,0,0,0,0,0,0
3,3071.0,2844.9000000000001,2691.6999999999998,2534.6999999999998,2383.6999999999998,2222.5999999999999,2100.9000000000001,1977.7,1859.8,1794.4000000000001,1652.7,1533.0999999999999,1404.5,1314.5,1234.0,1162.3,1067.5,666.10000000000002,620.10000000000002,581.10000000000002,533.60000000000002,513.60000000000002,470.30000000000001,418.69999999999999,382.0
