truss_number,change_0,change_65,change_35,change_5,change_70,change_40,change_10,change_75,change_45,change_15,change_80,change_50,change_20,change_85,change_55,change_25,change_60,change_30
1,0,0,0,0,0,0,0,0,0,0,0,0,0,0,0,0,0,0
2,0,0,0,0,0,0,0,0,0,0,0,0,0,0,0,0,0,0
3,1352.0,209.0,1201.7,1532.5,129.0,984.79999999999995,1807.2,66.0,800.39999999999998,1903.3,39.0,616.57142857142856,1913.5,17.0,474.28571428571428,1644.0999999999999,301.0,1436.0
