truss_number,change_0,change_2,change_4,change_6,change_8,change_10,change_12,change_14,change_16,change_18,change_20,change_22,change_24,change_26,change_28,change_30,change_32,change_34,change_36,change_38,change_40,change_42,change_44,change_46,change_48
1,0,0,0,0,0,0,0,0,0,0,0,0,0,0,0,0,0,0,0,0,0,0,0,0,0
2,0,0,0,0,0,0,0,0,0,0,0,0,0,0,0,0,0,0,0,0,0,0,0,0,0
3,202.0,221.90000000000001,225.40000000000001,242.0,319.69999999999999,378.30000000000001,423.69999999999999,408.10000000000002,389.30000000000001,371.89999999999998,373.30000000000001,364.19999999999999,361.69999999999999,340.5,318.60000000000002,298.19999999999999,284.10000000000002,261.60000000000002,241.40000000000001,223.19999999999999,205.40000000000001,189.0,170.30000000000001,157.09999999999999,141.90000000000001
