truss_number,change_0,change_2,change_4,change_6,change_8,change_10,change_12,change_14,change_16,change_18,change_20,change_22,change_24,change_26,change_28,change_30,change_32,change_34,change_36,change_38,change_40,change_42,change_44,change_46,change_48
1,0,0,0,0,0,0,0,0,0,0,0,0,0,0,0,0,0,0,0,0,0,0,0,0,0
2,0,0,0,0,0,0,0,0,0,0,0,0,0,0,0,0,0,0,0,0,0,0,0,0,0
3,202.0,220.59999999999999,232.69999999999999,243.09999999999999,243.69999999999999,247.19999999999999,255.30000000000001,258.89999999999998,282.69999999999999,275.0,294.19999999999999,324.80000000000001,328.5,322.39999999999998,311.0,291.39999999999998,271.39999999999998,257.5,241.0,226.0,210.40000000000001,191.19999999999999,175.0,159.59999999999999,146.80000000000001
