truss_number,change_0,change_65,change_35,change_5,change_70,change_40,change_10,change_75,change_45,change_15,change_80,change_50,change_20,change_85,change_55,change_25,change_60,change_30
1,0,0,0,0,0,0,0,0,0,0,0,0,0,0,0,0,0,0
2,0,0,0,0,0,0,0,0,0,0,0,0,0,0,0,0,0,0
3,313.0,209.0,1032.5,493.5,129.0,979.29999999999995,768.20000000000005,66.0,800.39999999999998,864.29999999999995,39.0,616.57142857142856,955.60000000000002,17.0,474.28571428571428,974.5,301.0,1030.5999999999999
