truss_number,change_0,change_65,change_35,change_5,change_70,change_40,change_10,change_75,change_45,change_15,change_80,change_50,change_20,change_85,change_55,change_25,change_60,change_30
1,0,0,0,0,0,0,0,0,0,0,0,0,0,0,0,0,0,0
2,0,0,0,0,0,0,0,0,0,0,0,0,0,0,0,0,0,0
3,313.0,211.59999999999999,261.19999999999999,307.5,205.40000000000001,251.69999999999999,300.80000000000001,200.59999999999999,241.5,293.69999999999999,192.19999999999999,232.90000000000001,286.19999999999999,186.5,226.5,278.5,219.5,269.69999999999999
4,725.0,766.20000000000005,767.39999999999998,730.5,740.79999999999995,747.89999999999998,737.20000000000005,741.60000000000002,753.29999999999995,744.29999999999995,739.0,756.39999999999998,751.79999999999995,685.60000000000002,760.39999999999998,759.5,766.0,768.29999999999995
