core_number,change_0,change_2,change_4,change_6,change_8,change_10,change_12,change_14,change_16,change_18,change_20,change_22,change_24,change_26,change_28,change_30,change_32,change_34,change_36,change_38,change_40,change_42,change_44,change_46,change_48
1,0,0,0,0,0,0,0,0,0,0,0,0,0,0,2.0,5.0,6.7777777777777777,8.0,9.6999999999999993,12.1,15.5,19.100000000000001,22.0,25.199999999999999,28.899999999999999
2,0,0,0,0,0,0,0,0,0,0,1.0,1.0,1.0,1.0,34.0,35.0,42.222222222222221,51.299999999999997,60.600000000000001,74.599999999999994,87.900000000000006,101.09999999999999,116.90000000000001,136.09999999999999,155.40000000000001
3,0,0,0,0,0,0,0,0,1.0,1.0,0.66666666666666663,0.66666666666666663,0.75,1.0,35.0,106.875,230.69999999999999,303.5,354.10000000000002,426.89999999999998,542.20000000000005,801.39999999999998,978.10000000000002,998.79999999999995,934.70000000000005
4,0,0,0,0,0,0,1.0,1.5,1.5,1.1666666666666667,6.5714285714285712,8.9000000000000004,11.9,19.899999999999999,153.80000000000001,517.79999999999995,1044.0999999999999,1063.5,964.79999999999995,841.70000000000005,671.79999999999995,359.60000000000002,132.80000000000001,65.700000000000003,74.5
5,0,0,0,2.0,1.5,2.5,3.0,6.625,8.6666666666666661,11.199999999999999,18.199999999999999,27.399999999999999,34.799999999999997,37.399999999999999,44.0,53.299999999999997,56.100000000000001,67.200000000000003,68.700000000000003,80.299999999999997,78.099999999999994,72.799999999999997,78.5,93.666666666666671,87.5
6,0,0,2.0,3.1666666666666665,3.2857142857142856,8.0,13.9,18.899999999999999,28.5,37.299999999999997,46.0,54.299999999999997,98.200000000000003,97.200000000000003,90.299999999999997,101.5,136.80000000000001,126.44444444444444,150.0,155.0,142.375,132.75,140.57142857142858,129.19999999999999,118.0
7,0,3.0,5.625,14.5,21.100000000000001,31.399999999999999,41.600000000000001,71.200000000000003,116.40000000000001,183.40000000000001,196.09999999999999,244.80000000000001,232.125,212.875,196.25,182.28571428571428,192.0,176.75,181.0,179.0,172.0,155.0,0,0,0
8,0,50.600000000000001,122.7,268.60000000000002,287.0,265.10000000000002,270.19999999999999,254.77777777777777,246.28571428571428,233.25,220.33333333333334,0,0,0,0,0,0,0,0,0,0,0,0,0,0
