truss_number,change_0,change_2,change_4,change_6,change_8,change_10,change_12,change_14,change_16,change_18,change_20,change_22,change_24,change_26,change_28,change_30,change_32,change_34,change_36,change_38,change_40,change_42,change_44,change_46,change_48
1,0,0,0,0,0,0,0,0,0,0,0,0,0,0,0,0,0,0,0,0,0,0,0,0,0
2,0,0,0,0,0,0,0,0,0,0,0,0,0,0,0,0,0,0,0,0,0,0,0,0,0
3,2086.0,2071.0999999999999,2056.5,2037.3,2024.7,2007.8,1996.5,1978.7,1963.0999999999999,1944.8,1926.0,1907.5999999999999,1892.2,1868.0,1846.5999999999999,1824.4000000000001,1800.8,1777.7,1756.2,1742.7,1728.9000000000001,1713.0999999999999,1697.9000000000001,1682.0999999999999,1665.9000000000001
