truss_number,change_0,change_2,change_4,change_6,change_8,change_10,change_12,change_14,change_16,change_18,change_20,change_22,change_24,change_26,change_28,change_30,change_32,change_34,change_36,change_38,change_40,change_42,change_44,change_46,change_48
1,0,0,0,0,0,0,0,0,0,0,0,0,0,0,0,0,0,0,0,0,0,0,0,0,0
2,0,0,0,0,0,0,0,0,0,0,0,0,0,0,0,0,0,0,0,0,0,0,0,0,0
3,2666.0,2497.5999999999999,2372.9000000000001,2249.1999999999998,2204.8000000000002,2088.5,1970.3,1074.5999999999999,1013.0,956.39999999999998,902.29999999999995,860.20000000000005,818.0,770.70000000000005,737.70000000000005,684.89999999999998,641.70000000000005,587.89999999999998,541.60000000000002,507.19999999999999,467.80000000000001,436.39999999999998,406.30000000000001,361.5,328.5
