truss_number,change_0,change_2,change_4,change_6,change_8,change_10,change_12,change_14,change_16,change_18,change_20,change_22,change_24,change_26,change_28,change_30,change_32,change_34,change_36,change_38,change_40,change_42,change_44,change_46,change_48
1,0,0,0,0,0,0,0,0,0,0,0,0,0,0,0,0,0,0,0,0,0,0,0,0,0
2,0,0,0,0,0,0,0,0,0,0,0,0,0,0,0,0,0,0,0,0,0,0,0,0,0
3,3071.0,2934.6999999999998,2829.0999999999999,2718.8000000000002,2604.6999999999998,2489.5,2388.0999999999999,2283.0999999999999,2198.0,2078.9000000000001,1998.0999999999999,1924.4000000000001,1825.5,1717.8,1617.2,1506.3,1401.5,1305.4000000000001,1217.7,1122.4000000000001,1046.4000000000001,952.20000000000005,870.60000000000002,795.0,731.20000000000005
