truss_number,change_0,change_2,change_4,change_6,change_8,change_10,change_12,change_14,change_16,change_18,change_20,change_22,change_24,change_26,change_28,change_30,change_32,change_34,change_36,change_38,change_40,change_42,change_44,change_46,change_48
1,0,0,0,0,0,0,0,0,0,0,0,0,0,0,0,0,0,0,0,0,0,0,0,0,0
2,0,0,0,0,0,0,0,0,0,0,0,0,0,0,0,0,0,0,0,0,0,0,0,0,0
3,3071.0,3016.5,2996.8000000000002,2968.4000000000001,2950.3000000000002,2926.1999999999998,2908.5,2883.0999999999999,2861.0999999999999,2834.0999999999999,2806.6999999999998,2782.0999999999999,2760.1999999999998,2725.0999999999999,2694.8000000000002,2663.1999999999998,2630.9000000000001,2597.5999999999999,2565.8000000000002,2545.3000000000002,2521.8000000000002,2498.5999999999999,2475.6999999999998,2455.3000000000002,2434.4000000000001
