truss_number,change_0,change_65,change_35,change_5,change_70,change_40,change_10,change_75,change_45,change_15,change_80,change_50,change_20,change_85,change_55,change_25,change_60,change_30
1,0,0,0,0,0,0,0,0,0,0,0,0,0,0,0,0,0,0
2,0,0,0,0,0,0,0,0,0,0,0,0,0,0,0,0,0,0
3,1352.0,889.0,1100.5,1313.7,857.70000000000005,1063.2,1283.5,836.5,1023.6,1253.7,807.70000000000005,986.5,1220.4000000000001,784.29999999999995,956.29999999999995,1178.7,924.0,1135.5999999999999
4,725.0,1122.9000000000001,966.60000000000002,763.29999999999995,1119.5,973.20000000000005,793.5,1135.4000000000001,1007.5,823.29999999999995,1150.4000000000001,1038.7,856.60000000000002,1107.2,1066.3,898.29999999999995,1097.0999999999999,941.39999999999998
