truss_number,change_0,change_2,change_4,change_6,change_8,change_10,change_12,change_14,change_16,change_18,change_20,change_22,change_24,change_26,change_28,change_30,change_32,change_34,change_36,change_38,change_40,change_42,change_44,change_46,change_48
1,0,0,0,0,0,0,0,0,0,0,0,0,0,0,0,0,0,0,0,0,0,0,0,0,0
2,0,0,0,0,0,0,0,0,0,0,0,0,0,0,0,0,0,0,0,0,0,0,0,0,0
3,0,0,0,35.0,26.0,34.333333333333336,51.666666666666664,72.5,56.333333333333336,107.0,97.0,67.0,54.799999999999997,49.333333333333336,62.833333333333336,57.166666666666664,62.0,77.166666666666671,60.571428571428569,70.142857142857139,53.555555555555557,61.222222222222221,66.099999999999994,58.399999999999999,51.5
