truss_number,change_0,change_65,change_35,change_5,change_70,change_40,change_10,change_75,change_45,change_15,change_80,change_50,change_20,change_85,change_55,change_25,change_60,change_30
1,0,0,0,0,0,0,0,0,0,0,0,0,0,0,0,0,0,0
2,0,0,0,0,0,0,0,0,0,0,0,0,0,0,0,0,0,0
3,2666.0,74.0,611.70000000000005,2355.3000000000002,48.5,491.39999999999998,2067.3000000000002,15.0,376.69999999999999,1047.0,2.0,295.5,933.10000000000002,1.0,219.30000000000001,822.0,164.59999999999999,710.39999999999998
