truss_number,change_0,change_2,change_4,change_6,change_8,change_10,change_12,change_14,change_16,change_18,change_20,change_22,change_24,change_26,change_28,change_30,change_32,change_34,change_36,change_38,change_40,change_42,change_44,change_46,change_48
1,0,0,0,0,0,0,0,0,0,0,0,0,0,0,0,0,0,0,0,0,0,0,0,0,0
2,0,0,0,0,0,0,0,0,0,0,0,0,0,0,0,0,0,0,0,0,0,0,0,0,0
3,202.0,221.40000000000001,216.80000000000001,209.0,202.19999999999999,204.40000000000001,201.40000000000001,188.5,182.69999999999999,201.90000000000001,187.0,177.19999999999999,169.40000000000001,173.59999999999999,170.80000000000001,159.69999999999999,145.0,163.80000000000001,151.19999999999999,148.90000000000001,143.59999999999999,154.30000000000001,146.5,130.30000000000001,116.59999999999999
