truss_number,change_0,change_2,change_4,change_6,change_8,change_10,change_12,change_14,change_16,change_18,change_20,change_22,change_24,change_26,change_28,change_30,change_32,change_34,change_36,change_38,change_40,change_42,change_44,change_46,change_48
1,0,0,0,0,0,0,0,0,0,0,0,0,0,0,0,0,0,0,0,0,0,0,0,0,0
2,0,0,0,0,0,0,0,0,0,0,0,0,0,0,0,0,0,0,0,0,0,0,0,0,0
3,2666.0,2516.5,2432.0,2364.5999999999999,2343.9000000000001,2251.6999999999998,2198.1999999999998,2113.5,2032.2,1946.2,1865.0,1768.0,1700.0999999999999,1601.7,1513.5,1411.7,1322.3,1241.0999999999999,1147.4000000000001,1057.8,985.5,914.20000000000005,823.89999999999998,749.79999999999995,685.5
