truss_number,change_0,change_65,change_35,change_5,change_70,change_40,change_10,change_75,change_45,change_15,change_80,change_50,change_20,change_85,change_55,change_25,change_60,change_30
1,0,0,0,0,0,0,0,0,0,0,0,0,0,0,0,0,0,0
2,0,0,0,0,0,0,0,0,0,0,0,0,0,0,0,0,0,0
3,2666.0,1734.8,2129.6999999999998,2547.6999999999998,1679.3,2060.5999999999999,2487.1999999999998,1635.0999999999999,1986.4000000000001,2427.9000000000001,1575.5,1917.7,2359.6999999999998,1530.2,1862.8,2281.5,1799.9000000000001,2200.3000000000002
4,725.0,1544.0999999999999,1210.0999999999999,802.29999999999995,1559.3,1246.0999999999999,862.79999999999995,1596.8,1314.8,922.10000000000002,1639.8,1376.5999999999999,990.29999999999995,1609.0999999999999,1428.5,1068.5,1489.5,1149.7
