truss_number,change_0,change_2,change_4,change_6,change_8,change_10,change_12,change_14,change_16,change_18,change_20,change_22,change_24,change_26,change_28,change_30,change_32,change_34,change_36,change_38,change_40,change_42,change_44,change_46,change_48
1,0,0,0,0,0,0,0,0,0,0,0,0,0,0,0,0,0,0,0,0,0,0,0,0,0
2,0,0,0,0,0,0,0,0,0,0,0,0,0,0,0,0,0,0,0,0,0,0,0,0,0
3,0,0,0,0,146.5,155.0,184.33333333333334,155.85714285714286,161.875,166.22222222222223,161.40000000000001,184.77777777777777,175.59999999999999,166.19999999999999,155.80000000000001,145.90000000000001,141.90000000000001,130.59999999999999,120.5,111.2,102.5,94.200000000000003,84.900000000000006,78.200000000000003,70.799999999999997
