truss_number,change_0,change_2,change_4,change_6,change_8,change_10,change_12,change_14,change_16,change_18,change_20,change_22,change_24,change_26,change_28,change_30,change_32,change_34,change_36,change_38,change_40,change_42,change_44,change_46,change_48
1,0,0,0,0,0,0,0,0,0,0,0,0,0,0,0,0,0,0,0,0,0,0,0,0,0
2,0,0,0,0,0,0,0,0,0,0,0,0,0,0,0,0,0,0,0,0,0,0,0,0,0
3,202.0,204.09999999999999,220.40000000000001,220.90000000000001,249.5,255.19999999999999,242.90000000000001,249.90000000000001,239.30000000000001,233.5,263.30000000000001,254.19999999999999,243.19999999999999,230.30000000000001,238.30000000000001,230.40000000000001,226.90000000000001,217.30000000000001,202.59999999999999,189.59999999999999,182.5,178.19999999999999,146.5,133.75,122.25
