truss_number,change_0,change_2,change_4,change_6,change_8,change_10,change_12,change_14,change_16,change_18,change_20,change_22,change_24,change_26,change_28,change_30,change_32,change_34,change_36,change_38,change_40,change_42,change_44,change_46,change_48
1,0,0,0,0,0,0,0,0,0,0,0,0,0,0,0,0,0,0,0,0,0,0,0,0,0
2,0,0,0,0,0,0,0,0,0,0,0,0,0,0,0,0,0,0,0,0,0,0,0,0,0
3,19480.0,18786.5,18785.299999999999,18785.099999999999,18785.099999999999,18784.599999999999,18784.099999999999,18784.099999999999,18784.0,18783.900000000001,18783.900000000001,18783.200000000001,18781.400000000001,18781.400000000001,18781.0,18781.0,18780.799999999999,18780.400000000001,18780.400000000001,18780.400000000001,18780.200000000001,18780.200000000001,18779.200000000001,18779.0,18779.0
4,9407.0,9062.7999999999993,9063.7000000000007,9063.6000000000004,9063.6000000000004,9064.1000000000004,9064.6000000000004,9063.8999999999996,9064.0,9064.1000000000004,9064.1000000000004,9064.7999999999993,9066.3999999999996,9066.3999999999996,9066.5,9066.5,9066.7000000000007,9067.1000000000004,9067.1000000000004,9067.1000000000004,9067.2999999999993,9067.0,9068.0,9068.2000000000007,9068.2000000000007
5,3307.0,3190.6999999999998,3191.0,3191.3000000000002,3191.3000000000002,3191.3000000000002,3191.3000000000002,3192.0,3192.0,3192.0,3191.5999999999999,3191.5999999999999,3191.8000000000002,3191.8000000000002,3192.0999999999999,3192.0999999999999,3192.0999999999999,3192.0999999999999,3192.0999999999999,3192.0999999999999,3192.0999999999999,3192.4000000000001,3192.4000000000001,3192.4000000000001,3192.4000000000001
6,1042.0,1015.0,1015.0,1015.0,1015.0,1015.0,1015.0,1015.0,1015.0,1015.0,1015.4,1015.4,1015.4,1015.4,1015.4,1015.4,1015.4,1015.4,1015.4,1015.4,1015.4,1015.4,1015.4,1015.4,1015.4
7,541.0,511.0,511.0,511.0,511.0,511.0,511.0,511.0,511.0,511.0,511.0,511.0,511.0,511.0,511.0,511.0,511.0,511.0,511.0,511.0,511.0,511.0,511.0,511.0,511.0
8,483.0,462.0,462.0,462.0,462.0,462.0,462.0,462.0,462.0,462.0,462.0,462.0,462.0,462.0,462.0,462.0,462.0,462.0,462.0,462.0,462.0,462.0,462.0,462.0,462.0
9,328.0,298.0,298.0,298.0,298.0,298.0,298.0,298.0,298.0,298.0,298.0,298.0,298.0,298.0,298.0,298.0,298.0,298.0,298.0,298.0,298.0,298.0,298.0,298.0,298.0
