truss_number,change_0,change_2,change_4,change_6,change_8,change_10,change_12,change_14,change_16,change_18,change_20,change_22,change_24,change_26,change_28,change_30,change_32,change_34,change_36,change_38,change_40,change_42,change_44,change_46,change_48
1,0,0,0,0,0,0,0,0,0,0,0,0,0,0,0,0,0,0,0,0,0,0,0,0,0
2,0,0,0,0,0,0,0,0,0,0,0,0,0,0,0,0,0,0,0,0,0,0,0,0,0
3,19480.0,18499.200000000001,18196.700000000001,17880.700000000001,17536.700000000001,17145.5,16766.700000000001,16368.299999999999,15929.799999999999,15496.700000000001,14989.700000000001,14442.5,13954.9,13460.1,12928.299999999999,12333.0,11803.700000000001,11228.4,10661.700000000001,10108.700000000001,9510.7000000000007,8912.7000000000007,8328.6000000000004,7735.8000000000002,7171.1999999999998
4,9407.0,8634.5,8144.8000000000002,7701.1999999999998,7262.0,6838.8000000000002,6436.3999999999996,5997.6999999999998,5583.6999999999998,5163.6000000000004,4787.3000000000002,4436.5,4024.1999999999998,3647.4000000000001,3317.0999999999999,3020.4000000000001,2692.4000000000001,2431.0,2184.0999999999999,1926.5,1691.5999999999999,1510.9000000000001,1316.8,1175.2,988.79999999999995
5,3307.0,2925.0999999999999,2688.5999999999999,2426.4000000000001,2199.3000000000002,1971.5999999999999,1757.5999999999999,1574.9000000000001,1385.4000000000001,1230.8,1100.0999999999999,982.60000000000002,906.60000000000002,820.89999999999998,745.89999999999998,741.20000000000005,659.39999999999998,595.60000000000002,516.0,414.5,357.5,290.88888888888891,220.66666666666666,183.83333333333334,131.0
6,1042.0,890.20000000000005,808.60000000000002,760.39999999999998,688.5,660.60000000000002,613.79999999999995,580.10000000000002,539.89999999999998,487.0,489.10000000000002,535.29999999999995,449.5,373.89999999999998,335.88888888888891,247.28571428571428,202.5,209.33333333333334,121.0,113.0,0,0,0,0,0
7,541.0,522.5,506.5,485.5,439.10000000000002,388.39999999999998,370.19999999999999,395.60000000000002,336.10000000000002,292.5,261.0,172.40000000000001,174.5,119.5,87.0,92.0,94.0,0,0,0,0,0,0,0,0
8,483.0,397.80000000000001,344.60000000000002,363.30000000000001,327.39999999999998,262.10000000000002,214.90000000000001,244.66666666666666,187.83333333333334,156.19999999999999,122.33333333333333,130.0,95.0,95.0,75.0,0,0,0,0,0,0,0,0,0,0
9,328.0,289.10000000000002,314.69999999999999,270.5,235.57142857142858,203.28571428571428,145.33333333333334,105.0,104.0,104.0,0,0,0,0,0,0,0,0,0,0,0,0,0,0,0
